image_sha256,provider,callout_count,callouts,confidence,source_sheets
0005c5e10805c71abf1c10bdaf5213e519406dab34fb9050a486adbc5c2562ac,ollama-vision,11,"[""1"", ""2"", ""3"", ""4"", ""5"", ""6"", ""7"", ""8"", ""9"", ""10"", ""11""]",high,"["" K6-R(2023) ""]"
000a4f2481a02859ab5f1368134ff94c2664944c28911cd6cdb53a8dde39a7c3,ollama-vision,15,"[""1"", ""2"", ""3"", ""4"", ""5"", ""6"", ""7"", ""8"", ""9"", ""10"", ""11"", ""12"", ""13"", ""14"", ""15""]",high,"[""2024+ K2 EPA""]"
000f8b889226aaad162d7b1529146033fae02083b42d9269ad893a10641a0015,ollama-vision,4,"[""1"", ""2"", ""1-1"", ""1-2""]",medium,"[""2024+ K2 EPA""]"
005f275f8eccd219274f5dbd76f63d054de9c8dfc6f78d8910c739b49c00c578,ollama-vision,22,"[""1"", ""2"", ""3"", ""4"", ""5"", ""6"", ""7"", ""8"", ""9"", ""9-1"", ""10"", ""11"", ""12"", ""13"", ""14"", ""15"", ""16"", ""17"", ""18"", ""19"", ""20"", ""21""]",high,"[""AU300 EPA (late 20242025)""]"
006585e99ab9133c2a6a9a046b80124e6dbdd765ea996bc18153b4de61fc15f8,ollama-vision,13,"[""1"", ""2"", ""3"", ""5"", ""6"", ""7"", ""8"", ""9"", ""10"", ""11"", ""12"", ""13"", ""4""]",high,"[""KT250 Parts Diagram""]"
0065f07cd2913e3119cd7829eccf6c520fa3dc4b5f141fd90f15c4b168702d86,ollama-vision,7,"[""1"", ""2"", ""3"", ""4"", ""5"", ""6"", ""7""]",high,"[""T4""]"
00e062cc7679c213477d01606cec0863046da89c7a573a1b96d32c58bad68bbf,ollama-vision,15,"[""1"", ""2"", ""3"", ""4"", ""5"", ""6"", ""7"", ""8"", ""9"", ""10"", ""11"", ""12"", ""13"", ""14"", ""15""]",high,"[""TD125 EPA ENGINE"", ""TT125 EPA ENGINE""]"
013ed6e307e63d01968765118c258358ba7c13ba66b02655a4143c5e598768d1,ollama-vision,1,"[""1""]",low,"[""TSD110 ""]"
016dc8787702d9e12d4261e50fe55d8cef0d33082aea29d774fd3d6666462684,ollama-vision,19,"[""1"", ""2"", ""3"", ""4"", ""5"", ""6"", ""6"", ""7"", ""8"", ""8"", ""9"", ""10"", ""11"", ""12"", ""13"", ""14"", ""15"", ""16"", ""17""]",high,"[""PREDATOR 125 (2016-2020)""]"
01793eeab34aec4fc13bc93bd05fa86ec5e51406b718049bd85f627d9048981c,ollama-vision,2,"[""1"", ""2""]",medium,"[""BULL 125 AU125 (2018-2020)""]"
01e80090002477f2b7be80eb083f678209f8914402965548562eeff998929df3,ollama-vision,17,"[""1"", ""2"", ""3"", ""4"", ""5"", ""6"", ""7"", ""8"", ""10"", ""11"", ""12"", ""13"", ""14"", ""15"", ""16"", ""17"", ""18""]",high,"[""AU300 (24-25) Engine Parts Diag""]"
01ef4626c6c3c34d2af23ceff2e5a14e55e359ca8f98f4f1ad4b6a5a847c70f5,ollama-vision,11,"[""1"", ""2"", ""3"", ""4"", ""5"", ""6"", ""8"", ""9"", ""10"", ""11"", ""12""]",high,"[""2024+ K4 EPA"", ""K4 ""]"
025638311e8117640b822e113786a3a16487b279c775648e9e4454c2ff978b6a,ollama-vision,2,"[""1"", ""2""]",medium,"[""2024+ K2 EPA""]"
027ab9dab46c9df49db5e100d52b0c051eb6b5302721b8d2999bd7ca0eb954f3,ollama-vision,11,"[""1"", ""2"", ""3"", ""4"", ""5"", ""6"", ""7"", ""8"", ""9"", ""10"", ""11""]",high,"[""2024 TSD110""]"
02d2b234e76675d7752193f3b0ba00e9f14b50f144747fe461c80021bd8751c8,ollama-vision,22,"[""1"", ""2"", ""3"", ""4"", ""5"", ""6"", ""7"", ""8"", ""9"", ""10"", ""11"", ""12"", ""13"", ""14"", ""15"", ""16"", ""17"", ""18"", ""19"", ""20"", ""21"", ""22""]",high,"[""Copy of TS90 EPA""]"
0316c4102ebaea1f04e5e68e0ded12e82abe0bd6f5d592daeacef84b879d1a75,ollama-vision,10,"[""1"", ""2"", ""3"", ""4"", ""5"", ""6"", ""7"", ""8"", ""9"", ""10""]",high,"[""K6 EFI ""]"
031d96223b8e7afe7f80d58b1440bb1a38624b9a19b53c259909b544e38cc28c,ollama-vision,7,"[""7"", ""8"", ""28"", ""30"", ""13"", ""24"", ""27""]",high,"[""TT140 EPA ENGINE""]"
03249d17cdc73e3b9a89ab1272df56b25c5f98aa7a831dd231ff4634ed9e0b18,ollama-vision,3,"[""1"", ""2"", ""3""]",medium,"[""Copy of TS90 EPA"", ""KMB60""]"
039e7832ddf151ef73f74dce792ae0446444ba03cbc685f025d074ebb5abb3f2,ollama-vision,6,"[""1"", ""2"", ""3"", ""1-1"", ""1-6L"", ""1-6R""]",high,"[""eA110 Parts Diagram""]"
03a0e8901cda62831cae4fe529cc35499978c94bf57a7179ac1cbc6822c775f9,ollama-vision,14,"[""1"", ""2"", ""3"", ""4"", ""5"", ""6"", ""7"", ""8"", ""9"", ""10"", ""1-1"", ""1-2"", ""1-3"", ""1-4""]",high,"[""S200 Parts Diagram""]"
03c42bb13effaba7d8421de0ac582b64720c6d68f2870e10a0143d56fb568cbc,ollama-vision,18,"[""1"", ""2"", ""3"", ""4"", ""5"", ""6"", ""7"", ""8"", ""10"", ""11"", ""12"", ""13"", ""14"", ""15"", ""16"", ""18"", ""19"", ""20""]",high,"[""Predator125 AT125-2""]"
03e5f9563c6edc4dd057ffdefd150c73967687ae40829339f83d77ab0764768b,ollama-vision,16,"[""1"", ""1-1"", ""1-2"", ""1-3"", ""1-4"", ""1-5"", ""1-6"", ""1-7"", ""1-8"", ""1-9"", ""2"", ""3"", ""4"", ""5"", ""6"", ""7""]",high,"[""AU150-D""]"
04b4ce9f43a4f66634738131c3e0e584c77b13be0e005450f73aff3d9f25fc8f,ollama-vision,4,"[""1"", ""2"", ""1-1"", ""1-2""]",medium,"["" K2 "", ""K4 ""]"
04bfd1270f19cfd9c42ef9e45d18d17ffb0f12abcd892f8b71b89eb53b7cb806,ollama-vision,7,"[""1"", ""2"", ""2-1"", ""2-2"", ""3"", ""3-1"", ""3-2""]",high,"[""AT110 EPA"", ""AU110 EPA""]"
04e9132619b5c937dfed0f3f678dc80cd4103960b3a4a20568b30dff832bc6db,ollama-vision,5,"[""1"", ""2"", ""2"", ""3"", ""3""]",high,"[""Copy of TS90 EPA""]"
04fe0a4458bcafb9c07cae7cec293851ae5785100dabdc0ccb9ed7e4a5bff8e1,ollama-vision,25,"[""1"", ""2"", ""3"", ""4"", ""5"", ""6"", ""6L"", ""6R"", ""7"", ""8"", ""8L"", ""8R"", ""9"", ""9L"", ""9R"", ""10"", ""11"", ""12"", ""13"", ""14"", ""15"", ""16"", ""17"", ""18"", ""19""]",high,"[""Bull150 AU150""]"
051e6f8b88cb5ab271bedc44c47c53a9bad1e7134e1c82e3b14c31c2690ad6b6,ollama-vision,16,"[""1"", ""2"", ""3"", ""4"", ""5"", ""6"", ""7"", ""8"", ""9"", ""10"", ""11"", ""12"", ""13"", ""14"", ""15"", ""16""]",high,"[""T4 engine""]"
055398330b0f9f026148f2befff50c65a0488dfd319e454da6e161c0d26113e9,ollama-vision,20,"[""1"", ""1-1"", ""1-2"", ""1-3"", ""1-4"", ""1-5"", ""1-6"", ""1-6L"", ""1-6R"", ""1-7"", ""1-8"", ""1-9"", ""2"", ""3"", ""4"", ""5"", ""6"", ""7"", ""8"", ""9""]",high,"[""AU110 EPA""]"
05d80e72c3c57b3fdc935ca3b811d948d47663f5ecef9ea4b88cead4ba9a271a,ollama-vision,11,"[""1"", ""1-1"", ""1-2"", ""1-3"", ""1-4"", ""1-5"", ""2"", ""3"", ""4"", ""5"", ""6""]",high,"[""AU300 (202324 early)""]"
05e08e492f8f61a1053957db93342eefc5842ef36444b343f6b257a0ae095d64,ollama-vision,14,"[""1"", ""2"", ""3"", ""4"", ""5"", ""5-1"", ""5-2"", ""6"", ""7"", ""8"", ""9"", ""10"", ""11"", ""12""]",high,"[""S200 Parts Diagram""]"
05eed0f6d1d817297dd041ee739f13de67dcd1d3716bdc8fad1041abb819cccd,ollama-vision,3,"[""1"", ""2"", ""3""]",medium,"[""2024+ KMB60-2""]"
060d62448a7fb2c49eaf52ecadbcd0dc63e5bd822795d79fda9f3ec6bbe5b690,ollama-vision,14,"[""1"", ""2"", ""3"", ""4"", ""5"", ""6"", ""7"", ""8"", ""9"", ""10"", ""11"", ""12"", ""13"", ""14""]",high,"[""2024+ K2 EPA"", ""K2 PRO EPA""]"
062277d6b3c716d0a43f7942f1a6f8966dc0d2339dce732a76e413a505069d25,ollama-vision,10,"[""1"", ""2"", ""3"", ""4"", ""5"", ""6"", ""7"", ""8"", ""9"", ""10""]",high,"[""Bull125 AU125-2 (2021+)""]"
0635cd2c57f1d2a75322439d64d39ef2e3ffb05d031d4844945c591d273a4e21,ollama-vision,25,"[""1"", ""2"", ""3"", ""4"", ""5"", ""6"", ""7"", ""8"", ""9"", ""10"", ""11"", ""12"", ""13"", ""14"", ""15"", ""16"", ""17"", ""18"", ""19"", ""20"", ""21"", ""22"", ""23"", ""24"", ""25""]",high,"[""TT140 EPA ENGINE""]"
067b4aca2ca1eb465c034402626cc8425c83cc40b0053da0ad3c3e888de210eb,ollama-vision,23,"[""1"", ""1-1"", ""1-2"", ""1-3"", ""1-4"", ""2"", ""3"", ""4"", ""5"", ""5-1"", ""5-2"", ""6"", ""7"", ""8"", ""9"", ""10"", ""11"", ""12"", ""13"", ""14"", ""15"", ""16"", ""17""]",high,"[""S350""]"
073f61290541cd787ee8189e77ef73a541ab9360107e95f5a15b5d20358095d4,ollama-vision,66,"[""1"", ""2"", ""3"", ""4"", ""5"", ""6"", ""7"", ""8"", ""9"", ""10"", ""11"", ""12"", ""13"", ""14"", ""15"", ""16"", ""17"", ""18"", ""19"", ""20"", ""21"", ""22"", ""23"", ""24"", ""25"", ""26"", ""27"", ""28"", ""29"", ""30"", ""31"", ""32"", ""33"", ""34"", ""35"", ""36"", ""37"", ""38"", ""39"", ""40"", ""41"", ""42"", ""43"", ""44"", ""45"", ""46"", ""47"", ""48"", ""49"", ""50"", ""51"", ""52"", ""53"", ""54"", ""55"", ""56"", ""57"", ""58"", ""59"", ""60"", ""61"", ""62"", ""63"", ""64"", ""65"", ""66""]",high,"[""KT250 Engine Parts Diagram""]"
0781ae6bae6da5675b460b14b8189ab99fad7a663b662a68ac92430cf06e2127,ollama-vision,27,"[""1"", ""2"", ""3"", ""4"", ""5"", ""6"", ""7"", ""8"", ""9"", ""10"", ""11"", ""12"", ""13"", ""14"", ""15"", ""16"", ""17"", ""18"", ""19"", ""20"", ""21"", ""22"", ""23"", ""24"", ""1-1"", ""1-6L"", ""1-6R""]",high,"[""2024+ K4 EPA""]"
07b589f7fa6efb9de32bdc2dae46b5b5289591873b802c94c1aa48ba3542c4b8,ollama-vision,8,"[""1"", ""2"", ""3"", ""4"", ""5"", ""6"", ""7"", ""8""]",high,"[""S70 Parts Diagram""]"
07d230624e627694774dc64db19bfae8a5d3392bb1eff92cda305a9cf700415d,ollama-vision,12,"[""1"", ""2"", ""3"", ""4"", ""5"", ""6"", ""7"", ""8"", ""9"", ""10"", ""11"", ""12""]",high,"["" K6-R(2023) ""]"
07d9c86508b7f82d58cda11edcd8092aad569898b3e8b10097628e4464a26446,ollama-vision,16,"[""1"", ""2"", ""3"", ""4"", ""5"", ""6"", ""7"", ""8"", ""8-1"", ""8-2"", ""9"", ""10"", ""11"", ""12"", ""13"", ""14""]",high,"[""AU300 (202324 early)""]"
08275bbb9ae06c8618101fae881cd23f68d605a8c27754aa9afde8cf13d7987b,ollama-vision,3,"[""1"", ""2"", ""3""]",medium,"[""eA110 Parts Diagram""]"
086e8b4f610006a5ab68417f911ffb14400290bf09e47a802dfe063c3d49a6ef,ollama-vision,24,"[""1"", ""2"", ""3"", ""4"", ""5"", ""6"", ""6"", ""7"", ""8"", ""9"", ""9"", ""10"", ""11"", ""12"", ""13"", ""14"", ""15"", ""16"", ""16"", ""16"", ""16"", ""16"", ""17"", ""18""]",high,"[""Predator Bull 125 ATV engine "", ""Predator Bull AU125 125 ATV eng""]"
0874124d976ee26f0f41a9efe0a1062f2a921cb1901da10fbd8fe8a323a1921d,ollama-vision,3,"[""1"", ""2"", ""3""]",medium,"[""AU110 EPA"", ""Bull125 AU125-2 (2021+)"", ""FOXStorm 70 AY70-2 ""]"
087bcee3c97b720ac86b1e9ff2d9f7b075bc372eda880a2d76146833ecf6e182,ollama-vision,9,"[""1"", ""2"", ""3"", ""4"", ""5"", ""6"", ""1-1"", ""1-6L"", ""1-6R""]",high,"[""TT125 Engine""]"
088461fbe73eccbb6c4b3482201a304fb206867d497a24209caf4fa6059ddc26,ollama-vision,7,"[""1"", ""2"", ""3"", ""4"", ""5"", ""6"", ""7""]",high,"[""A150-D""]"
08a2dce99f67da11494bf870bc6106b480ada0f48f858e3720a494e3d636ad14,ollama-vision,9,"[""1"", ""2"", ""3"", ""4"", ""5"", ""6"", ""7"", ""8"", ""9""]",high,"[""Predator125 AT125-2""]"
08cb9cb0bdf09789780aef1804da8ddbc481f2c51f48573c3c9f6e6b32882772,ollama-vision,9,"[""1"", ""2"", ""3"", ""4"", ""5"", ""6"", ""7"", ""8"", ""9""]",high,"[""BULL 125 AU125 (2018-2020)""]"
08d884d593eb57cc54c36a6f0ba9c1e3e50cff5f0ba7e53660135a3524607a68,ollama-vision,13,"[""1"", ""2"", ""3"", ""4"", ""5"", ""10"", ""11"", ""12"", ""13"", ""14"", ""15"", ""16"", ""17""]",high,"[""AU150-D""]"
093bd94a9802e41140cc764d0c333753ff27b2ad095bd579b018d2c75305b1e7,ollama-vision,11,"[""1"", ""1-1"", ""1-2"", ""2"", ""3"", ""4"", ""5"", ""6"", ""7"", ""8"", ""9""]",high,"[""TD125""]"
094126f6d9ac553e471c76bd8d6afa0e54bf6a201b5d6622427161d9b7e28d3b,ollama-vision,11,"[""1"", ""1-1"", ""1-2"", ""2"", ""3"", ""4"", ""5"", ""6"", ""7"", ""8"", ""9""]",high,"[""Copy of TS90 EPA""]"
09c924d772db1949c2c7ffb13b1fb362887dfef0774d5049510625d0eb4300fd,groq-vision,12,"[""1"", ""2"", ""3"", ""4"", ""5"", ""6"", ""7"", ""8"", ""9"", ""10"", ""11"", ""12""]",high,"[""K4 ""]"
09e452ca8d6c5bc5c3d21bebf9e4466113fa6c3d54661b64790a6d80c135b426,ollama-vision,18,"[""2"", ""3"", ""4"", ""5"", ""7"", ""8"", ""9"", ""10"", ""11"", ""12"", ""13"", ""14"", ""15"", ""16"", ""17"", ""18"", ""19"", ""6""]",high,"[""T4""]"
09e48bbb7e3a6e07f043fc594c803d2ab5d9e9c88a2866460902d33d0b72468d,ollama-vision,17,"[""1"", ""2"", ""3"", ""4"", ""5"", ""6"", ""7"", ""8"", ""9"", ""10"", ""11"", ""12"", ""13"", ""14"", ""15"", ""16"", ""17""]",high,"[""Bull 180 AU180 (2020-2022)""]"
09f415bb81812f2af4c1232f5fa98b11d5a3b962ccf4e15becf1578b400c0843,ollama-vision,11,"[""1"", ""2"", ""3"", ""4"", ""5"", ""6"", ""7"", ""8"", ""1-1"", ""1-6L"", ""1-6R""]",high,"[""A150-D""]"
09fee9a8eb04aef859a1279343a224e2ac11d69543932dfc9ca49bebd193fade,ollama-vision,3,"[""1"", ""2"", ""3""]",medium,"[""S70 Engine ""]"
0a07f7146630b2b10476912a63fe30c132ddc5fbce20e17973cadeb1cd992de7,ollama-vision,11,"[""1"", ""1-1"", ""2"", ""3"", ""4"", ""5"", ""6"", ""6"", ""7"", ""1-2"", ""1-3""]",high,"[""2024+ K4 EPA""]"
0a42f6df0159fd41c171799a568dd2ea8325a71a60df6779444c4172976768c6,ollama-vision,8,"[""1"", ""2"", ""3"", ""4"", ""5"", ""6"", ""7"", ""8""]",high,"[""AU125-D Bull 125 EFI (25+)""]"
0a432c04ce00664f18820ec16176f1d854f18b20056901234cd90b2199e0bca9,ollama-vision,2,"[""1"", ""2""]",medium,"[""TD125 EPA ENGINE"", ""TT125 EPA ENGINE""]"
0a47dcffd7aab9c3a4907251d21805e8285aef0542e2dff619b72145049f1511,ollama-vision,6,"[""1"", ""2"", ""3"", ""4"", ""5"", ""6""]",high,"[""K6 EFI ""]"
0a55c54b29ac9f69ba038e9cc62dd7f5d9a10023c7ae80619989a66833eacfe3,ollama-vision,8,"[""1"", ""2"", ""3"", ""4"", ""5"", ""1-1"", ""1-6L"", ""1-6R""]",high,"[""AU300 (202324 early)""]"
0a7622c383388c943f9ea37ae426bfa5bf4967340aaf3a39992dc8cfde8fc0b5,ollama-vision,13,"[""1"", ""2"", ""3"", ""4"", ""5"", ""6"", ""7"", ""8"", ""9"", ""10"", ""11"", ""12"", ""13""]",high,"[""AU125-D Bull 125 EFI (25+)""]"
0a7aea95e8ed605d6bd24a0bccf3a950511038a61d1a1411f1a5bb7d8d6c2da0,ollama-vision,11,"[""1"", ""2"", ""3"", ""4"", ""5"", ""6"", ""7"", ""8"", ""9"", ""10"", ""11""]",high,"[""eA70 Parts Diagram""]"
0a8a2755281ca6b848dd375507d940490692b31523e124c7e40b43562e48ef9a,ollama-vision,6,"[""1"", ""2"", ""3"", ""4"", ""5"", ""6""]",high,"[""AU300 (202324 early)""]"
0a904aa88411ea4a4078f94d424f7ae980b71d0baee76c35e77c0a327c33f4b7,ollama-vision,5,"[""1"", ""1-1"", ""1-2"", ""1-3"", ""2""]",high,"[""2024 TSD110""]"
0a9336061d62061cfb8326d1486c2d3de2187ad3868d1e524c1dd207d5d405d4,ollama-vision,10,"[""1"", ""2"", ""3"", ""4"", ""5"", ""6"", ""7"", ""8"", ""9"", ""10""]",high,"[""Bull200 AU200-2 and S200 Engine"", ""S200 Engine(2023+)""]"
0a9b76cb0733359cbb65fdb6c2ce0cd0aac4362a5e9a1d188797fe1e845a39d6,ollama-vision,32,"[""1"", ""2"", ""3"", ""4"", ""5"", ""6"", ""7"", ""8"", ""9"", ""10"", ""11"", ""12"", ""13"", ""14"", ""15"", ""16"", ""17"", ""18"", ""19"", ""20"", ""21"", ""22"", ""23"", ""24"", ""25"", ""26"", ""27"", ""28"", ""29"", ""30"", ""31"", ""32""]",high,"[""TS90 Engine ""]"
0ad176eb0bf47820aab478265a78d8606eec16874d65066e112e9bb8997a3892,ollama-vision,1,"[""19""]",low,"[""Bull 200 AU200 (2019-2022)""]"
0ae81560aa955a103234b1c05faf171462a553a18c077a3322f03f7c332f82be,ollama-vision,8,"[""1"", ""2"", ""3"", ""4"", ""5"", ""6"", ""7"", ""8""]",high,"[""TD125 EPA ENGINE"", ""TT125 EPA ENGINE""]"
0afe3580c20a97da4752cdd1f6f724dc273b5a6d0541a68afc5e992ab621d47b,ollama-vision,2,"[""1"", ""2""]",medium,"[""S70 Engine ""]"
0b37dd7319954304d79c1d1c19c8aa5eb0eed819b1a052ddb036406a51941c4a,ollama-vision,14,"[""1"", ""2"", ""3"", ""4"", ""5"", ""6"", ""7"", ""8"", ""9"", ""10"", ""11"", ""12"", ""13"", ""14""]",high,"[""S200 Parts Diagram""]"
0b7c267aa236a179e0aae83f7d3c0e08cf119c8c51edf848f59fff3e7ff41922,ollama-vision,10,"[""1"", ""2"", ""3"", ""4"", ""5"", ""6"", ""7"", ""8"", ""9"", ""10""]",high,"[""ec2I""]"
0b85a98915689030ddb9522ce639b87beb0e22ae7916fb54c463dcb0dda1a11c,ollama-vision,16,"[""1"", ""2"", ""3"", ""4"", ""5"", ""6"", ""7"", ""8"", ""9"", ""10"", ""11"", ""12"", ""13"", ""14"", ""15"", ""16""]",high,"[""StormBull 150 Engine"", ""TT140 EPA ENGINE"", ""TT140 Engine ""]"
0bd2b562f3815b35338d93f5f7a0de5cd7a8cda81147efc0973c075e9387ac6d,ollama-vision,6,"[""1"", ""2"", ""2-1"", ""3"", ""3"", ""4""]",high,"[""BULL 125 AU125 (2018-2020)""]"
0c2f3dd9bf07a21d95ded23c1fba9bf1bad6e7ca9de57b15d10db752954bf375,groq-vision,27,"[""1"", ""2"", ""3"", ""4"", ""5"", ""6"", ""7"", ""8"", ""9"", ""10"", ""11"", ""12"", ""13"", ""14"", ""15"", ""16"", ""17"", ""18"", ""19"", ""20"", ""21"", ""22"", ""23"", ""24"", ""25"", ""26"", ""27""]",high,"[""T2 CB250D-G Engine）""]"
0c2f65a163f1f8ee245f71f2a423f88ede6480a7903ff94ae00a655160a492ae,groq-vision,11,"[""1"", ""2"", ""3"", ""4"", ""5"", ""1-1"", ""1-2"", ""1-3"", ""1-4"", ""1-5"", ""1-6""]",high,"[""Copy of TS90 EPA""]"
0c31a4d6d8f854eec8a1d6f97748821f7efb52be72fdaddffe2e2d15e8551a08,groq-vision,13,"[""1"", ""2"", ""3"", ""4"", ""5"", ""6"", ""7"", ""8"", ""9"", ""10"", ""11"", ""12"", ""13""]",high,"[""TD125 EPA ENGINE""]"
0ce9495b0b4a4490fb3b46df39fe12baf4e24a194f897a532f3195e0564857a2,groq-vision,3,"[""1"", ""2"", ""3""]",medium,"[""TT125 ""]"
0d3647bdac4bcdd46880498d57bd1bc9cedfcd49706d1a6fc9b6e425fc7660c8,groq-vision,24,"[""1"", ""2"", ""3"", ""4"", ""5"", ""6"", ""7"", ""8"", ""9"", ""10"", ""11"", ""12"", ""13"", ""14"", ""15"", ""16"", ""17"", ""18"", ""19"", ""20"", ""21"", ""22"", ""23"", ""24""]",high,"[""2024+ K4 EPA ENGINE"", ""K2 pro Engine"", ""K4 Engine Parts Diagram""]"
0d5a8ebe69cf1112ef98f67ae7870de145acf998cecc358704f187d8554a7898,groq-vision,5,"[""1"", ""2"", ""3"", ""4"", ""5""]",high,"[""eA70 Parts Diagram""]"
0d8224db1cdc53f833ebd4cc801a8f30f94740aa36536045e3bfbe3a0b8459da,groq-vision,7,"[""1"", ""2"", ""3"", ""4"", ""5"", ""6"", ""7""]",high,"[""KT250 Engine Parts Diagram""]"
0ddf75910f9dd7d2a93beab1b528a4d3f5cbad9701bc7069d09269777c9a5769,groq-vision,8,"[""1"", ""2"", ""3"", ""4"", ""5"", ""6"", ""7"", ""8""]",high,"[""S200 Parts Diagram""]"
0de58283e29df7e12559e9c419fb8165beaab807470fb986f6dcdb3cd07cc57c,groq-vision,3,"[""1"", ""2"", ""3""]",medium,"[""2024+ TT140 EPA""]"
0e0d3119f21c32ee17407ba717e305f391463f019701b4896dce3788bdb19bc1,groq-vision,12,"[""1"", ""2"", ""3"", ""4"", ""5"", ""6"", ""7"", ""8"", ""9"", ""1-1"", ""2-1"", ""2-2""]",high,"[""K4 ""]"
0e366666fb5824a4f6eb1ef58eb6918fd8a13b7749a38937a21a561cbc83dd90,groq-vision,6,"[""1"", ""1-1"", ""1-2"", ""2"", ""3"", ""4""]",high,"[""2024+ TT140 EPA""]"
0e3d425860abd97c86e3ab3e10da09a0c6310b71227068ae500679c6f8dca5bc,groq-vision,9,"[""1"", ""2"", ""3"", ""4"", ""5"", ""6"", ""7"", ""8"", ""9""]",high,"[""Bull180 AU180 Engine (2019-2022""]"
0e8e5f8aaf959c60f5ef38f2915cb16eda48bf606ce7b9db252e46737c3765ac,groq-vision,13,"[""1"", ""2"", ""3"", ""4"", ""5"", ""6"", ""7"", ""8"", ""9"", ""10"", ""11"", ""12"", ""13""]",high,"[""Bull 200 AU200 (2019-2022)""]"
0ed8d472fac8dc2abf6b5451051da70c98dd0effb9a542ba9c0166de3439d2f9,groq-vision,10,"[""1"", ""2"", ""3"", ""4"", ""5"", ""6"", ""7"", ""8"", ""9"", ""10""]",high,"[""Bull 200 AU200 (2019-2022)""]"
0f52006c6cca94737ad8c1e6838dbdd872ac3650fcbabec44ab4ce283298098d,groq-vision,17,"[""1"", ""2"", ""3"", ""4"", ""5"", ""6"", ""7"", ""8"", ""9"", ""10"", ""11"", ""12"", ""13"", ""14"", ""15"", ""16"", ""17""]",high,"[""eA70 Parts Diagram""]"
0f9ccf7637bd966e58383a0afe7e54e01bec155bf868eb8311799c4353559328,groq-vision,11,"[""1"", ""1-1"", ""1-2"", ""1-3"", ""1-4"", ""2"", ""3"", ""3"", ""4"", ""5"", ""6""]",high,"[""S350""]"
0fdfd6dd020d85f005a0391b762657868c26c3ddb7f2669a2bf3f54ec9d65358,groq-vision,5,"[""1"", ""2"", ""3"", ""4"", ""5""]",high,"[""A150AU150-D engine""]"
0fecc21bc1132917c81271bc3db0a937bcd7a53cadfa91ccfc12dcf1908c90fc,groq-vision,21,"[""1"", ""2"", ""3"", ""4"", ""5"", ""6"", ""7"", ""8"", ""9"", ""10"", ""11"", ""12"", ""12-1"", ""13"", ""14"", ""15"", ""16"", ""17"", ""18"", ""19"", ""20""]",high,"[""Bull200 AU200-2 (2023+)""]"
1036ce5e0115d9cc43b8f6447a08366f8c3d7af491b50ea309573f42b55fc2a8,groq-vision,2,"[""10"", ""28""]",medium,"[""A300-D ENGINE""]"
1064ea01ae5a38c032d05047cdbdc83dba2fc0a9d20e848f884da1ce4f0c47bf,groq-vision,1,"[""18""]",low,"[""T4 engine""]"
10dccce47bbca649e838f0f283f658c5c0c1f96109172dcac9ddb48dca96f07f,groq-vision,4,"[""1"", ""2"", ""3"", ""4""]",medium,"[""Bull150 AU150""]"
112323719670cd2e239015cc4585ae53d84097356b7c7d08c0eb74d47f650520,groq-vision,10,"[""1"", ""2"", ""3"", ""4"", ""5"", ""6"", ""7"", ""8"", ""9"", ""10""]",high,"[""ec2I""]"
1136a91cebc285413864ede0ea411b775c11fee4ba0afb99d1aa265b46f8faee,groq-vision,7,"[""1"", ""2"", ""3"", ""3-1"", ""4"", ""5"", ""6""]",high,"[""2024+ TT140 EPA""]"
11398c1667072e25de2dbaca71ae85c5b73378b6e05d3035a661f64e99e4dd41,groq-vision,28,"[""1"", ""2"", ""3"", ""4"", ""5"", ""6"", ""7"", ""8"", ""9"", ""10"", ""11"", ""12"", ""13"", ""14"", ""15"", ""16"", ""17"", ""18"", ""19"", ""20"", ""21"", ""22"", ""23"", ""24"", ""25"", ""26"", ""27"", ""28""]",high,"[""Bull200 AU200-2 and S200 Engine"", ""Bull200 au200 engine (2019-2022"", ""S200 Engine(2023+)""]"
1140d3aba5419df83ad40f7937132084c8fc60697b5cefbbd9aee68deb239561,groq-vision,10,"[""1"", ""2"", ""3"", ""4"", ""5"", ""6"", ""7"", ""8"", ""9"", ""10""]",high,"[""K2 PRO EPA""]"
116da7ebc26dd2fd29f53e1ca6c11be535425ed5ac85d81932c1a60c656a11e7,groq-vision,5,"[""1"", ""2"", ""3"", ""4"", ""5""]",high,"[""Bull 180-2 AU180-2 (2023+) Engi"", ""Storm180  A180 Engine""]"
11c961d843d0b892e76e9eb33a99876ee533dba89a601630b10d35dcc6def496,groq-vision,6,"[""1"", ""2"", ""3"", ""4"", ""5"", ""6""]",high,"[""Jackal A200 Parts diagram""]"
11e10b0cc23f6a5e5f6df42120883ac15680705f96002f0227666e0f4c6371dc,groq-vision,11,"[""1"", ""2"", ""3"", ""4"", ""5"", ""6"", ""7"", ""8"", ""9"", ""10"", ""11""]",high,"["" T2 ""]"
121f83b6796f7ae20daa2804c4b38340b9c7e0655f90804862b288071f903421,groq-vision,4,"[""1"", ""2"", ""3"", ""4""]",medium,"["" TS90 ""]"
1238e61e6075c45a0ac25e3cad394bfae66226afb820e0f5d85698132e94b652,groq-vision,19,"[""1"", ""2"", ""3"", ""4"", ""5"", ""6"", ""7"", ""8"", ""9"", ""9-1"", ""10"", ""11"", ""12"", ""13"", ""14"", ""15"", ""16"", ""17"", ""18""]",high,"[""AU110 EPA""]"
12843e624fd0d5324dfb4d47746def1b87d572363f07a7e8a25097feebed9a81,groq-vision,24,"[""1"", ""2"", ""3"", ""4"", ""5"", ""6"", ""7"", ""8"", ""9"", ""10"", ""11"", ""13"", ""14"", ""15"", ""16"", ""17"", ""20"", ""21"", ""24"", ""25"", ""26-0"", ""27"", ""28"", ""31""]",high,"[""2024+ K2（EPA) ENGINE PARTS CATA"", ""K2 Engine Parts Diagram""]"
12d2127ee32a410cf947a09e42135130befdc2ed95724d8dd9df01392937f9b7,groq-vision,6,"[""1"", ""2"", ""3"", ""4"", ""5"", ""6""]",high,"[""Storm180  A180 Engine""]"
12d3e6c711f8822eafb4faaeb600db425fa1f63450ba95ff1c7e4068bc13d1f0,groq-vision,38,"[""1"", ""2"", ""3"", ""4"", ""5"", ""6"", ""7"", ""7"", ""8"", ""8"", ""9"", ""10"", ""11"", ""12"", ""12"", ""12"", ""13"", ""14"", ""14"", ""14"", ""14"", ""15"", ""16"", ""16"", ""17"", ""17"", ""17"", ""18"", ""19"", ""20"", ""21"", ""22"", ""22"", ""23"", ""23"", ""24"", ""24"", ""24""]",high,"[""A150AU150-D engine""]"
1322bfa66e66c4e86bb1a51cfbfec6c4ede58f0f4a63946d0da474bfb8d71fc4,groq-vision,4,"[""1"", ""2"", ""1-1"", ""2-1""]",medium,"["" K2 ""]"
133e75e3e0c7d8a6c823c00ae4258d8fe28da0a0cd1012c628463f98706c1af6,groq-vision,11,"[""1"", ""2"", ""3"", ""4"", ""5"", ""6"", ""7"", ""8"", ""9"", ""10"", ""11""]",high,"[""TSD110 ""]"
13674cbb452eebccc96cede4ecfda06677e74fda21a8ab6e3cd912a033e2fd0e,groq-vision,6,"[""1"", ""2"", ""3"", ""4"", ""5"", ""6""]",high,"[""TS90 EPA Engine Parts Diagram"", ""TSD110 EPA ENGINE""]"
136b0d2b8d6c92bd0ef09423e3a7396e986312593f9ea4f64b4b011f24a416b3,groq-vision,13,"[""1"", ""3"", ""4"", ""5"", ""6"", ""7"", ""8"", ""9"", ""10"", ""11"", ""12"", ""13"", ""14""]",high,"["" K2 ""]"
139e85998fbd61902cca461944be727b9d14cf44254a6b4f8b373930937b10b7,groq-vision,11,"[""1"", ""2"", ""3"", ""4"", ""5"", ""6"", ""7"", ""8"", ""9"", ""10"", ""11""]",high,"[""Storm180  A180 Engine""]"
14043e0742d371bb75490ae7139426e67ef687ec99f613dec5fc618d26415925,groq-vision,8,"[""1"", ""2"", ""3"", ""4"", ""5"", ""6"", ""7"", ""8""]",high,"[""K6-R Engine Parts Diagram""]"
141141eab24cd61184fae2e91c46464652be01f692fe0d88da8e2bfec4f8ebca,groq-vision,5,"[""1"", ""2"", ""3"", ""4"", ""5""]",high,"[""StormBull 150 Engine"", ""TD125 Engine"", ""TS90 EPA Engine Parts Diagram"", ""TS90 Engine "", ""TSD110 EPA ENGINE"", ""TSD110 Engine "", ""TT125 Engine""]"
148357501c1e285cfcad78c71745dbda81722cf7eb5cc2d4c552b3aa8921391e,groq-vision,6,"[""1"", ""2"", ""3"", ""4"", ""5"", ""6""]",high,"[""TT125 EFI Parts Diagram""]"
1497d594515e061eeecb026277ec0281f3822d6e168e0ee8756d98a343045fe8,groq-vision,19,"[""1"", ""2"", ""2-1"", ""3"", ""4"", ""5"", ""6"", ""7"", ""8"", ""9"", ""10"", ""11"", ""12"", ""13"", ""14"", ""15"", ""16"", ""1-2"", ""1-1""]",high,"["" K6-R(2023) "", ""K6 EFI ""]"
149e6b451357edec628ca8a39641dad21898bab26b5b414f2288bb7fcb3d82db,groq-vision,5,"[""1"", ""2"", ""3"", ""4"", ""5""]",high,"[""Bull200 AU200-2 and S200 Engine"", ""Bull200 au200 engine (2019-2022"", ""S200 Engine(2023+)""]"
149e8aec5ffb55d7e38773dc43b55c0e0df0eb0995470703c9bc80b0ea2e8614,groq-vision,13,"[""1"", ""2"", ""3"", ""4"", ""5"", ""6"", ""7"", ""8"", ""9"", ""10"", ""11"", ""12"", ""13""]",high,"[""Storm180 A180 ""]"
14b1618848b62711c4be0d5272ae53d91a5bb653661d0e7b06b8a606dca1bd1f,groq-vision,11,"[""1"", ""1-1"", ""2"", ""3"", ""4"", ""5"", ""6"", ""7"", ""8"", ""9"", ""10""]",high,"[""S200 Parts Diagram""]"
1505c51ddc3bb836bbd10d878672acf09cdadf6440b8ed0eb93406c537d15a48,groq-vision,28,"[""1"", ""1-1"", ""1-2"", ""1-3"", ""1-4"", ""1-5"", ""1-6"", ""1-6L"", ""1-6R"", ""1-7"", ""2"", ""2-1"", ""3"", ""4"", ""5"", ""6"", ""7"", ""8"", ""9"", ""10"", ""11"", ""12"", ""13"", ""14"", ""15"", ""16"", ""17"", ""18""]",high,"[""KT250 Parts Diagram""]"
15087bb28703ec928b18429c83e2dc7fe5bbed335839f40f16aa0e9f437dddfa,groq-vision,10,"[""1"", ""2-0"", ""3"", ""4"", ""5"", ""6"", ""7"", ""8"", ""9"", ""10""]",high,"[""S200 Parts Diagram""]"
15759d91b96735c450bca8603189a7e6a51edb485f55b176219f206d49ea20b2,groq-vision,12,"[""1"", ""1-1"", ""1-2"", ""1-3"", ""1-4"", ""1-5"", ""2"", ""3"", ""4"", ""5"", ""6"", ""7""]",high,"[""Copy of TS90 EPA""]"
15faae7b9c67ac98ebc1617eb785552c881cad8956cd7b4ba60c4feffad4f81b,groq-vision,12,"[""1"", ""2"", ""3"", ""4"", ""5"", ""6"", ""7"", ""8"", ""9"", ""10"", ""11"", ""12""]",high,"[""A150AU150-D engine""]"
160246cc5acbd3a3e8f5c34151d0ecc87137930ab5eaf5ae2a3f2eef24010f7c,groq-vision,5,"[""1"", ""2"", ""3"", ""4"", ""5""]",high,"[""AT125AU125-D Engine""]"
163483d3d157232696ba3b422fa2fc39fcfaf5ac2b3c8d0374e3dfcf8b013de3,groq-vision,10,"[""1"", ""2"", ""3"", ""4"", ""5"", ""6"", ""7"", ""8"", ""9"", ""10""]",high,"[""TS90 EPA Engine Parts Diagram"", ""TSD110 EPA ENGINE""]"
16350d035a7e695cadbd6e18ca2a1f61bac2c1dc3b7802a6c5cbf3bc6da447de,groq-vision,7,"[""1"", ""2"", ""2-1"", ""3"", ""4"", ""5"", ""6""]",high,"[""AU180-2 (2023+) Parts Diagram""]"
169ca95f3f779fc957444f1316c3ab7a38b41f09e402163bf02ce83c1d64e93f,groq-vision,24,"[""1"", ""1-1"", ""1-2"", ""1-3"", ""1-4"", ""1-5"", ""1-6"", ""2"", ""2-1"", ""3"", ""4"", ""5"", ""6"", ""7"", ""8"", ""9"", ""10"", ""11"", ""12"", ""13"", ""14"", ""15"", ""16"", ""17""]",high,"[""T4""]"
16e8b279780e6b73b7e5560aa6d63125d713f7a70b55340acebc3e80c1355f68,groq-vision,17,"[""1"", ""2"", ""5"", ""5"", ""6"", ""6"", ""9"", ""9"", ""10"", ""10"", ""11"", ""11"", ""12"", ""14"", ""15"", ""16"", ""16""]",high,"[""TT140 Engine ""]"
17211021bb6c433d661ee7c92e5858951ee3d9a5b11c05943ce57ff0c1564cee,groq-vision,12,"[""1"", ""3"", ""4"", ""5"", ""6"", ""7"", ""8"", ""9"", ""10"", ""11"", ""12"", ""2""]",high,"[""TD125 Engine"", ""TT125 Engine""]"
175161d57176a191bc1b7cd29473db1b6027eea1080a1afdd19ee95f9bdb1605,groq-vision,5,"[""1-1"", ""2"", ""3"", ""4"", ""5""]",high,"[""TD110 EFI""]"
17b8bb4d4be0ce740c5c64bb64d27ec92a3f340884cb19441f07fb8176d3f53c,groq-vision,3,"[""3"", ""4"", ""5""]",medium,"[""2024+ K2 EPA"", ""2024+ K4 EPA""]"
17c582061c95a4c55c948d9f616af41e7b4210d55f9dd74fba9b7e909d0b17dd,groq-vision,20,"[""1"", ""2"", ""3"", ""5"", ""6"", ""7"", ""8"", ""9"", ""10"", ""11"", ""12"", ""13"", ""14"", ""15"", ""16"", ""17"", ""18"", ""19"", ""20"", ""21""]",high,"[""AT110 AU110 ENGINE"", ""AU110 ENGINE""]"
17ec9a9bb42fbb7a7cbbe473f0e0b26a04314778fd51128ba0eb728ec5508ba4,groq-vision,33,"[""1"", ""2"", ""3"", ""4"", ""5"", ""6"", ""7"", ""8"", ""8-1"", ""9"", ""10"", ""11"", ""12"", ""13"", ""1"", ""3"", ""4"", ""5"", ""6"", ""7"", ""4"", ""5"", ""7"", ""4"", ""5"", ""6"", ""13"", ""12"", ""4"", ""3"", ""3"", ""8-1"", ""11""]",high,"[""AU125-D Bull 125 EFI (25+)""]"
17fa8e171b3bcf3d1384e0379f09b4928c0c88956660a04a1f9fe9b85c8c92bd,groq-vision,18,"[""1"", ""2"", ""3"", ""4"", ""5"", ""6"", ""7"", ""8"", ""9"", ""10"", ""11"", ""12"", ""13"", ""14"", ""15"", ""16"", ""17"", ""18""]",high,"[""TD110 EFI""]"
1809d11c9f5ccb4f16735368a127e08f53d114cc32b617e864007aa8615297d4,groq-vision,17,"[""1"", ""2"", ""3"", ""4"", ""5"", ""6"", ""7"", ""8"", ""9"", ""10"", ""11"", ""12"", ""13"", ""14"", ""15"", ""16"", ""17""]",high,"["" K2 ""]"
18394fb7517281bf32d00f2388cfac32dab6eebf008f925715a6a45237a45740,groq-vision,7,"[""1-"", ""2-"", ""-3"", ""4"", ""5"", ""6"", ""6""]",high,"[""Bull 180-2 AU180-2 (2023+) Engi"", ""Storm180  A180 Engine""]"
185774ce3d2a68094bbf91bc987959c60dae46beac75f975e683a7f671e9fb86,groq-vision,1,"[""1""]",low,"[""TT140""]"
1887d4bf0d50b71803b4d0c491fc9d715730cbb61b9467a65b2e88934b2fa0fc,groq-vision,6,"[""1"", ""2"", ""3"", ""4"", ""5"", ""6""]",high,"[""Copy of T2 Engine Parts Diagram""]"
188b650dbd663345bf4aa8aa036b4e234de7524bcd5ea75f680892965f3ccdc7,groq-vision,30,"[""1"", ""2"", ""3"", ""4"", ""5"", ""6"", ""7"", ""8"", ""9"", ""10"", ""11"", ""11-1"", ""11-2"", ""12"", ""13"", ""14"", ""15"", ""16"", ""17"", ""18"", ""19"", ""20"", ""21"", ""22"", ""23"", ""24"", ""25"", ""26"", ""27"", ""28""]",high,"[""Bull 200 AU200 (2019-2022)""]"
18b7ea85f713fa57368c60907e018dbfe74915062e27cb16c0a5103e49df5ada,groq-vision,3,"[""1"", ""2"", ""3""]",medium,"[""2024+ TD125 EPA""]"
18e5bacb740ca5a82ded54c35dff9968a184031e7247ba79931e82d33bd1eeb5,groq-vision,13,"[""1"", ""2"", ""3"", ""4"", ""5"", ""6"", ""7"", ""8"", ""9"", ""10"", ""11"", ""12"", ""13""]",high,"[""K2 PRO EPA""]"
19098c2f0d30593b1d893ac2544100d3e5956e52a0ca111a3b930c95bb68ab48,groq-vision,10,"[""1"", ""2"", ""3"", ""4"", ""5"", ""6"", ""7"", ""8"", ""9"", ""10""]",high,"[""S350""]"
192fcdaef119593e06e82e03c14c4d426fbba910c0442476c344dcaf3828ad84,groq-vision,3,"[""1"", ""2"", ""3""]",medium,"[""PREDATOR 125 (2016-2020)""]"
193267803c825b7d101b51354847a00e6a01e23f02452438f7dd77194065f450,groq-vision,13,"[""1"", ""1-1"", ""1-2"", ""1-3"", ""1-4"", ""1-5"", ""1-6"", ""1-7"", ""1-8"", ""1-9"", ""2"", ""3"", ""4""]",high,"[""AU110 EPA""]"
19c2445f49ebbe41b1811a6110ea43f0247a00992ed2719417b33e37e8a95f2a,groq-vision,17,"[""1"", ""2"", ""3"", ""4"", ""5"", ""6"", ""7"", ""8"", ""9"", ""10"", ""11"", ""12"", ""13"", ""14"", ""15"", ""16"", ""17""]",high,"[""BULL 125 AU125 (2018-2020)""]"
1a294e0b7a297531a174b9fa63aeb9cbbe1048caf310d83fae06a72f6ea8934b,groq-vision,5,"[""1"", ""2"", ""3"", ""4"", ""5""]",high,"[""AU110 EPA""]"
1a2a44a68ce89edf1abd304055c290a897df1df5a22607f9751d30e9f66679e6,groq-vision,21,"[""1"", ""1-1"", ""1-2"", ""1-3"", ""2"", ""2-1"", ""2-2"", ""2-3"", ""3"", ""4"", ""5"", ""6"", ""7"", ""8"", ""9"", ""10"", ""11"", ""12"", ""13"", ""14"", ""15""]",high,"[""K2 PRO EPA""]"
1a51ebf577b942734df2676a1b53f973fc632423f668fae4fbca85376489bd29,groq-vision,22,"[""1"", ""2"", ""3"", ""4"", ""5"", ""6"", ""7"", ""8"", ""9"", ""10"", ""11"", ""12"", ""13"", ""14"", ""15"", ""16"", ""17"", ""18"", ""19"", ""20"", ""21"", ""22""]",high,"[""T4 engine""]"
1a858f7fdbd160c7cb9bac1d699c849f39fd4dce678bb996f3d83a44443a4d0e,groq-vision,5,"[""1"", ""1-1"", ""1-2"", ""1-3"", ""2""]",high,"[""TSD110 ""]"
1a9101db2937ddbb2e98b8972dbb530a60630dcd161b9d2cf21c1fafdbf6c5d3,groq-vision,16,"[""1"", ""2"", ""3"", ""4"", ""5"", ""6"", ""8"", ""9"", ""14"", ""15"", ""17"", ""18"", ""19"", ""20"", ""21"", ""22""]",high,"[""A150AU150-D engine""]"
1b165dc75579b04bfc42be56dba343123be653a23c4ec3f41a5bc572de117f27,groq-vision,6,"[""1"", ""2"", ""3"", ""4"", ""5"", ""6""]",high,"[""2024+ K2（EPA) ENGINE PARTS CATA"", ""K2 Engine Parts Diagram""]"
1ce8ba9c9defac3d437e51c57c7ab28842411e11ae1ec84d32b8f9dd02c13abe,groq-vision,5,"[""1"", ""2"", ""1-1"", ""1-2"", ""2-1""]",high,"[""K2 PRO EPA""]"
1cfbe5ab76befc14d013ff3cf088ee6a59a805910168a7bfbdf5e9a4e1b97aa1,groq-vision,10,"[""1"", ""2"", ""3"", ""4"", ""5"", ""6"", ""7"", ""8"", ""9"", ""10""]",high,"[""Bull125 AU125-2 (2021+)"", ""Predator125 AT125-2""]"
1d750ab92173cd669f5017390ecb53e65a4e5a0e88a951fc4446d5179db610d7,groq-vision,5,"[""1"", ""2"", ""3"", ""6"", ""12""]",high,"[""2024+ K2（EPA) ENGINE PARTS CATA"", ""K2 Engine Parts Diagram""]"
1e0d685adb418e5900647412ce0d3f194d3b371a3ed8387f45b2721fb6fbdd43,groq-vision,22,"[""1"", ""2"", ""3"", ""4"", ""5"", ""6"", ""7"", ""8"", ""9"", ""10"", ""11"", ""12"", ""13"", ""14"", ""15"", ""16"", ""17"", ""18"", ""19"", ""20"", ""21"", ""22""]",high,"[""S350""]"
1f098958c86d45dd8fae7190de4aebfc798b8e2f7dc4edf892bd7f54a49e5f0d,groq-vision,17,"[""1"", ""2"", ""3"", ""4"", ""5"", ""6"", ""7"", ""8"", ""9"", ""10"", ""11"", ""12"", ""13"", ""14"", ""15"", ""16"", ""17""]",high,"[""Bull150 AU150""]"
22a32235f85d4c2ce8fa56691760d9e0ed33321e3347b7f2d9d381326d734a4b,groq-vision,4,"[""1"", ""2"", ""3"", ""4""]",medium,"[""Bull 180 AU180 (2020-2022)""]"
2a5f5bfed005084c178c6d5914538135e24e41cecb89e3f13cf00dbbfda6e196,groq-vision,21,"[""1"", ""2"", ""3"", ""4"", ""5"", ""6"", ""7"", ""8"", ""9"", ""10"", ""11"", ""12"", ""13"", ""14"", ""15"", ""16"", ""17"", ""18"", ""19"", ""20"", ""21""]",high,"[""eA110 Parts Diagram""]"
329724cebf6275dba7b4231e3c927fe54366036f5114aef632b1679a7b61f460,groq-vision,19,"[""1"", ""2"", ""3"", ""4"", ""5"", ""6"", ""7"", ""8"", ""9"", ""10"", ""11"", ""12"", ""13"", ""14"", ""15"", ""16"", ""17"", ""18"", ""19""]",high,"[""K6-R Engine Parts Diagram""]"
3630b75eadf49a934b8b3cece627cd1dd962536be0bc27a23816e837474e2072,groq-vision,11,"[""1"", ""2"", ""3"", ""4"", ""5"", ""6"", ""7"", ""8"", ""9"", ""10"", ""11""]",high,"[""AT110 EPA""]"
3c11e6cbdbf7cab24b2ff2ed63677420b993cfa5d83e432b4b54ed3522d9c15a,groq-vision,29,"[""1"", ""2"", ""3"", ""4"", ""5"", ""6"", ""7"", ""8"", ""9"", ""10"", ""11"", ""12"", ""13"", ""14"", ""15"", ""16"", ""17"", ""18"", ""19"", ""20"", ""21"", ""22"", ""23"", ""24"", ""25"", ""26"", ""27"", ""28"", ""29""]",high,"[""S200 Parts Diagram""]"
426b26fe921370da8fa3e7481678322e0d95af6bef40ce15f0798f0ca6b288eb,groq-vision,29,"[""1"", ""2"", ""3"", ""4"", ""5"", ""6"", ""7"", ""8"", ""9"", ""10"", ""11"", ""12"", ""13"", ""14"", ""15"", ""16"", ""17"", ""18"", ""19"", ""20"", ""21"", ""22"", ""23"", ""24"", ""25"", ""26"", ""27"", ""28"", ""29""]",high,"["" A300-D (STORM 300)""]"
47c4ee4305de434c0cc5f7d8b836c815102e44eb42f7f023a7d3a27e45a68c72,groq-vision,10,"[""1"", ""2"", ""3"", ""4"", ""5"", ""6"", ""7"", ""8"", ""9"", ""10""]",high,"[""TD125 Engine""]"
4e687456650f8de82618f625bb9acadb294f9c8bc7df498d36dfb152f69e7638,groq-vision,9,"[""5"", ""6"", ""7"", ""15"", ""17"", ""18"", ""19"", ""20"", ""21""]",high,"[""A300-D ENGINE""]"
55b6f5878e76e67800532bda95f3829f85eddb961fdb2d668fbff86e2adcdaad,groq-vision,11,"[""1"", ""1-1"", ""1-2"", ""1-3"", ""1-4"", ""2"", ""3"", ""4"", ""5"", ""6"", ""7""]",high,"[""eA70 Parts Diagram""]"
5a0795303aba8617d386830b43599e50ac2a502e2107a5e93a2bf33b98d623d0,groq-vision,20,"[""1"", ""2"", ""3"", ""4"", ""5"", ""6"", ""7"", ""8"", ""9"", ""10"", ""11"", ""12"", ""13"", ""14"", ""15"", ""16"", ""17"", ""18"", ""19"", ""20""]",high,"[""Bull180 AU180 Engine (2019-2022""]"
5f67955676ec5c90a26943929cbaccd4d8e7f14ab416522421561afb8b87bf23,groq-vision,8,"[""1"", ""2"", ""3"", ""4"", ""5"", ""6"", ""7"", ""8""]",high,"[""2024+ TT140 EPA""]"
64e37331f9c9bcee83dcdb9f792b328e2517605135b4311ac604388585e9c9c7,groq-vision,18,"[""1"", ""2"", ""3"", ""4"", ""5"", ""6"", ""7"", ""8"", ""9"", ""10"", ""11"", ""12"", ""13"", ""14"", ""15"", ""16"", ""17"", ""18""]",high,"[""K6-R Engine Parts Diagram""]"
6b7da229dcbeeaa0192f6233fbb5967683fe2953b5facc3e8ca2748500650930,groq-vision,27,"[""1"", ""2"", ""3"", ""4"", ""5"", ""6"", ""7"", ""8"", ""9"", ""10"", ""11"", ""12"", ""13"", ""14"", ""15"", ""16"", ""17"", ""18"", ""19"", ""20"", ""21"", ""22"", ""23"", ""24"", ""25"", ""26"", ""27""]",high,"["" K6-R(2023) ""]"
73ca0e9c0cd8386389506d29083a28f899c986059ce077705bfa07266a68b685,groq-vision,4,"[""1"", ""2"", ""3"", ""4""]",medium,"[""eA70 Parts Diagram""]"
7ab63d8536c0fae562173ad6159c28f3b09dda965b7ba038a6033aeea4f2f02a,groq-vision,9,"[""1"", ""2"", ""3"", ""3-1"", ""4"", ""5"", ""6"", ""7"", ""8""]",high,"["" K6-R(2023) ""]"
7fcbeee82cd101a084ca9b16b639d7552281cba162559fc7caeaac16243d5843,groq-vision,22,"[""1"", ""2"", ""3"", ""4"", ""5"", ""6"", ""7"", ""8"", ""9"", ""10"", ""11"", ""12"", ""13"", ""14"", ""15"", ""16"", ""17"", ""18"", ""19"", ""20"", ""21"", ""22""]",high,"[""Bull200 AU200-2 and S200 Engine"", ""S200 Engine(2023+)""]"
86395b2ec057d30e73b91568e1ebdb9e4dd412483995e0cd57a08dcaa4370ae6,groq-vision,6,"[""1"", ""2"", ""3"", ""4"", ""5"", ""6""]",high,"[""TD125""]"
8a15ab56b88a5b8e889a3c83d8b5086b096f70ec0d556f56591c9855175e29db,groq-vision,2,"[""1"", ""2""]",medium,"[""2024+ K2（EPA) ENGINE PARTS CATA"", ""K2 Engine Parts Diagram""]"
8e7c5665303e7c8f43c9d64bc4888122e17a326d0909ce8a3df984a67ea88677,groq-vision,16,"[""1"", ""2"", ""3"", ""4"", ""5"", ""6"", ""7"", ""8"", ""9"", ""10"", ""11"", ""12"", ""13"", ""14"", ""15"", ""16""]",high,"[""2024+ K4 EPA"", ""K4 ""]"
94743f8e21cfb9e0071e3d25997164eb6d773664c03e417db4c01a1dd6c9dfba,groq-vision,14,"[""1"", ""2"", ""3"", ""4"", ""5"", ""6"", ""7"", ""8"", ""9"", ""10"", ""11"", ""12"", ""13"", ""14""]",high,"[""AT110 AU110 ENGINE"", ""AU110 ENGINE""]"
9ad79249a25a0b8292918f858006300142af1aa1bee7eb1610df693f810ffaff,groq-vision,6,"[""1"", ""2"", ""3"", ""4"", ""5"", ""6""]",high,"[""TS90 Engine ""]"
9f728d9441e2e4b41dd2b95e90be8b6b403d3922bb943d7b1ded048aeabb6763,groq-vision,6,"[""1"", ""2"", ""3"", ""4"", ""5"", ""6""]",high,"["" T2 ""]"
a51bdabdd797866d4da04635f3350bbb0f4fadf4e4ef81192fc53fc0ac0f9c2d,groq-vision,41,"[""1"", ""2"", ""3"", ""4"", ""5"", ""6"", ""7"", ""8"", ""9"", ""10"", ""11"", ""12"", ""13"", ""14"", ""15"", ""16"", ""17"", ""18"", ""19"", ""20"", ""21"", ""22"", ""23"", ""24"", ""25"", ""26"", ""27"", ""28"", ""29"", ""30"", ""31"", ""32"", ""34"", ""35"", ""36"", ""37"", ""38"", ""39"", ""40"", ""41"", ""42""]",high,"[""2024+ K4 EPA ENGINE"", ""K4 Engine Parts Diagram""]"
aae896e0383e91081de2af2ab72d77d98c914d38506619a754bf4a257adc215c,groq-vision,16,"[""1"", ""2"", ""3"", ""4"", ""5"", ""6"", ""7"", ""8"", ""9"", ""10"", ""11"", ""12"", ""13"", ""14"", ""15"", ""16""]",high,"[""AT125-D""]"
b0865590f72cd41f46488d78fc7dbf8bfffb8df57ee58cc57e3616567123b770,groq-vision,14,"[""1"", ""2"", ""3"", ""4"", ""5"", ""5-"", ""6"", ""7"", ""8"", ""9"", ""10"", ""11"", ""12"", ""13""]",high,"[""Jackal A200 Parts diagram""]"
b8c93b85094c9083e3ce20f9ee8f9b507a4c505bdf6aad2261af206d6ba34d63,groq-vision,16,"[""1"", ""2"", ""3"", ""4"", ""5"", ""6"", ""7"", ""8"", ""9"", ""10"", ""11"", ""12"", ""13"", ""14"", ""15"", ""16""]",high,"[""Bull 180 AU180 (2020-2022)""]"
bf55fd3eafc137c828bacfe6d641c6a87a3902568246c5367acf2bf102de3b27,groq-vision,5,"[""1"", ""2"", ""3"", ""4"", ""5""]",high,"[""AT125-D""]"
c5673b89c4e6ce46c4a95c4f796474fffbd236958c85d43b93badf3486b04377,groq-vision,28,"[""1"", ""2"", ""2"", ""3"", ""4"", ""4"", ""5"", ""5"", ""5"", ""6"", ""6"", ""7"", ""7"", ""7"", ""8"", ""8"", ""8"", ""9"", ""10"", ""11"", ""11"", ""12"", ""12"", ""13"", ""14"", ""15"", ""16"", ""17""]",high,"[""eA110 Parts Diagram""]"
cb896ca72e14fce5f9ce307bafc42b3eb5becf97809d23cce0e5540302652d69,groq-vision,6,"[""1"", ""2"", ""3"", ""4"", ""5"", ""6""]",high,"[""Storm150 A150""]"
d0a6a917b81c6485f43114bf8d1138a05435b65683ee2394b819505c8b5cbed3,groq-vision,10,"[""1"", ""2"", ""3"", ""4"", ""5"", ""6"", ""7"", ""8"", ""9"", ""10""]",high,"[""K6 EFI Engine parts diagram"", ""K6-R Engine Parts Diagram""]"
d532cd961e1ce4c667b3145b225dbc71f532d6d8ff86c3b445fe129a5d29ad84,groq-vision,13,"[""1"", ""2"", ""3"", ""4"", ""5"", ""6"", ""7"", ""8"", ""9"", ""10"", ""11"", ""12"", ""13""]",high,"[""AT125-D""]"
dc42bac33f36b205c0819e3f43c649b9130e21230b4a33844ec95582d0ea9004,groq-vision,21,"[""1"", ""2"", ""3"", ""4"", ""5"", ""6"", ""7"", ""8"", ""9"", ""10"", ""11"", ""12"", ""13"", ""14"", ""15"", ""16"", ""17"", ""18"", ""19"", ""20"", ""21""]",high,"[""Predator125 AT125-2""]"
e3a375f83026cc218f9bbd7efb989f89af5415065dbeeed962c4cdbad6f72f78,groq-vision,21,"[""1"", ""2"", ""3"", ""4"", ""5"", ""6"", ""7"", ""8"", ""9"", ""10"", ""11"", ""12"", ""13"", ""14"", ""15"", ""16"", ""17"", ""18"", ""19"", ""20"", ""21""]",high,"[""Bull150 AU150""]"
e7119e9ff253f3f96bb7c1d87a0c32bf2c10cd5c4a77e51ba6bcb8c89c3a272c,groq-vision,19,"[""1"", ""2"", ""3"", ""4"", ""5"", ""6"", ""7"", ""7"", ""8"", ""9"", ""10"", ""10"", ""11"", ""12"", ""13"", ""14"", ""14"", ""15"", ""16""]",high,"[""A150AU150-D engine""]"
ee7b9c6a950e39e0741ab62c8300ac55df9ddb8e76eeed84cdd967f12ca4f50b,groq-vision,11,"[""1"", ""1-1"", ""1-2"", ""2"", ""3"", ""4"", ""5"", ""6"", ""7"", ""8"", ""9""]",high,"["" TS90 ""]"
f375aa096507fcac1323ca1846962d92e24ba4295861f9a95bfb3dbeafe103d8,groq-vision,3,"[""1"", ""2"", ""3""]",medium,"[""2024+ TD125 EPA""]"
fc41ce4df73e39c5c9a6363fa17f71902c6642addce813438f34d322ca8b51be,groq-vision,16,"[""1-1"", ""1-7"", ""1-8"", ""1-9"", ""1-10"", ""1-11"", ""1-12"", ""1-13"", ""1-14"", ""1-15"", ""1-16"", ""1-17"", ""1-18"", ""1-19"", ""1-20"", ""1-21""]",high,"[""S350""]"
